no,nama,penjelasan,label
1,Pulau Kangean,"Wisata di Sumenep pertama kali yang harus Anda kunjungi adalah Pulau Kangean. Memiliki keindahan alam luar biasa yang sulit untuk dilupakan. Pulau terbesar di Madura ini mempunyai luas kurang lebih 188 km persegi. Salah satu cara terbaik menuju ke sana adalah menggunakan kapal. Butuh waktu sampai 10 jam jika, cuaca sedang bagus. Jika. tidak bisa sampai 15 jam lebih. Jaraknya dari Sumenep kurang lebih 100 km. Untuk kapal ekspres waktu tempuhnya lebih singkat. paling lama hanya 5 jam saja. Keunikan dari Pulau Kangean sendiri adalah penduduknya yang menggunakan berbagai bahasa seperti, Mandar, Sulawesi hingga makassar. Ada juga yang menggunakan bahasa kangean atau hampir seperti dialek Madura.. Berkunjung ke Kangean memang tidak salah. karena, Anda akan dimanjakan dengan berbagai keindahan alamnya. Mulai dari Goa, pantai, pemandian, sampai dengan menu kuliner berupa ikan yang pastinya lezat dan halal. Untuk penginapan, Anda bisa menginap di rumah warga dengan tarif yang bisa didiskusikan sendiri.",alam
2,Gili Iyang,"Wisata Sumenep berikutnya yang tidak kalah menarik adalah Gili Iyang. Letaknya di Desa Dungkek, Kabupaten Sumenep. Apa yang membuat Anda wajib mengunjungi tempat ini? Salah satunya kualitas udaranya. Menurut penelitian Gili Iyang ini mempunyai kandungan oksigen paling bagus sekaligus bersih di Indonesia. Bahkan, cukup membanggakan sekali masuk jajaran nomor dua di dunia. Untuk peringkat pertamanya masih diduduki oleh Yordania. Menurut penelitian kadar oksigennya mencapai 5% lebih banyak dari batas normal dunia yaitu, 20,95%. Tidak heran bila kawasan ini mendapatkan julukan sebagai Pulau Oksigen. Keindahan alamnya benar-benar masih terjaga dan indah kebangetan. Murni masih sangat alami tanpa polusi. Bukan hanya memiliki kualitas udara yang bagus saja, Gili Iyang juga punya banyak kawasan yang menampilkan berbagai macam spot menarik. Mulai dari pantai dengan pasir putihnya, Goa yang menghadirkan stalagmit dan stalaktit. Sampai perbukitan dengan sajian matahari terbit dan terbenam. Menariknya lagi, suasana di sekitar sangat tenang karena, tingkat kebisingannya hanya 36% saja. Menuju ke Gili Iyang membutuhkan waktu 45 menit naik kapal dari Pelabuhan Dungkek. Tarifnya mulai dari Rp. 50.000 untuk sekali jalan. Jika, datang rombongan, sewa jasa tour guide. Maka, sewa kapal akan jauh lebih murah.",alam
3,Pantai Sembilan,"wisata Sumenep Pantai Sembilan jadi lokasi selanjutnya yang harus dikunjungi oleh wisatawan, Terletak di Desa Bringsang, Kecamatan Giligenting. Untuk masuk ke lokasi Anda akan ditetapkan biaya sebesar Rp5 ribu saja. Kawasan yang memiliki pasir putih ini sebelumnya dijuluki dengan sebutan Pantai Bangsring. Tetapi, saat wisatawan mengenal Drone dan difoto dari atas. Ternyata bentuknya hampir mirip angka sembilan. Dari situ penamaan pantai Sembilan berasal, terus berkembang sampai sekarang. Sebelum menjadi objek wisata unggulan tempat ini merupakan dermaga kecil. Penghubung pulau di sebelahnya. Banyak kapal nelayan bersandar, seiring berjalannya waktu. Dermaga tersebut sudah tidak terdengar lagi dan kapal yang bersandar hanya melayani keinginan wisatawan untuk pergi berputar-putar. Fasilitas yang diberikan Pantai Sembilan tergolong sangat lengkap. Seperti sewa alat untuk snorkeling, area makan, kamar mandi, ruang ganti serta musholla. Hampir semua fasilitasnya terawat dengan baik dan sangat bersih. Jika lupa membawa perbekalan, tidak perlu panik karena, sudah tersedia warung menjual berbagai menu seafood yang enak dan harganya murah. Selain itu, pedagang kaki lima juga tidak mau kalah menjual barang dagangannya. Walau sudah ada petugas, tetap ikut menjaga lingkungan pantai dengan membuang sampah pada tempatnya yang sudah disediakan. Semakin bersih, semakin nyaman untuk dikunjungi.",alam
4,Gili Pandan,"Berada di Kecamatan Gili Genting, ada satu kawasan wisata yang menarik perhatian wisatawan yaitu Gili Pandan. Sebuah pulau kecil, tidak berpenghuni dan sangat elok dengan pemandangan bibir pantainya. Ombaknya sangat tenang sehingga, banyak pengunjung sering memanfaatkan tempat ini untuk santai sambil menikmati pemandangan sekitar. Pemandangan akan sangat menarik ketika air mulai surut. Anda bisa menyaksikan batuan bekas dari daratan, terlihat sangat luas. Menuju ke Wisata Sumenep ini dapat ditempuh dari berbagai lokasi. Dapat melalui Pantai Talang Siring, Cukup sewa perahu saja dengan harga mulai dari Rp50 ribu. Bisa juga melalui Desa Kaduara Barat.",alam
5,Pulau Sapeken,"Objek wisata Sumenep memang didominasi dengan berbagai kepulauan. Selain berbagai Gili, Wisatawan juga akan disuguhkan dengan Pulau Sapeken. Berpenghuni dan di diami oleh berbagai suku seperti, Bugis, Mandar, dan Bajau. Semua suku tersebut dapat Anda saksikan melalui bentuk rumahnya. Mereka masih mempertahankan Rumah Adat sebagai tempat berteduh. Singaraja Bali adalah kawasan yang sering dikunjungi oleh penduduk. Waktu tempuhnya kurang lebih 6 jam. Biasanya orang Pulau Sapeken akan membeli berbagai kebutuhan pokok. Menurut sejarahnya, Penduduk pertama dari Pulau Sapeken adalah orang Sulawesi.Selatan. Nama Sapeken sendiri berasal dari bahasa Jawa bernama Sak peken bila diartikan ke Indonesia artinya adalah satu pekan. Dulu, Pulau ini hanya digunakan untuk singgah saja. Tetapi, lambat laun mulai ditempati sampai sekarang. Seiring berjalannya waktu, banyak penduduk dari berbagai suku dan wilayah datang serta menetap di wilayah ini. Selain bisa melihat keberagaman wisatawan juga disuguhkan dengan eloknya pantai, memiliki pasir putih dan pemandangannya super cantik, dijamin.",alam
6,Kebun Bunga Matahari,"Kebun bunga matahari terletak di Desa Montok, Kecamatan Larangan, Pamekasan, Madura, Jawa Timur. Tidak perlu jauh-jauh keluar negeri jika ingin berfoto-foto berlatar bunga matahari, karena di Madura juga tersedia spot yang menarik ini. Awalnya kebun bunga matahari ini adalah lahan perkebunan milik bapak H. Saputra ini awalnya ditanami pohon pisang. Perkebunan pisang ini tidak bertahan lama dikarenakan serangan hama sehingga pohon pisangnya ditebang, kemudian beliau mencoba menggantinya dengan menanam bibit bunga matahari. Rasanya memang tidak perlu ke Jepang menikmati indahnya bunga sakura atau bahkan ke Eropa. Cukup ke Wisata Kebun Matahari di Pamekasan Madura para wisatawan sudah bisa menikmati keindahannya. Para wisatawan bisa mengambil spot berfoto di antara bunga-bunga manja ala Syahrini dan artis lainnya di Kebun Bunga Matahari, Pamekasan, Madura. Jadi para wisatawan apalagi orang Madura tidak perlu jauh-jauh pelesir ke Eropa untuk mendapatkan hasil foto yang bagus di antara bunga matahari. Karena di Madura, sudah ada kebun bunga matahari yang tak kalah indahnya.",buatan
7,Bukit Jaddih,"Namanya juga berada di wilayah iklim tropis, tentu saja pemandangan serba putih di Bukit Jaddih ini bukan berasal dari salju. Inilah lokasi bekas penambangan kapur yang menyisakan pemandangan indah. Di sini Anda bisa berkeliling di antara tebing-tebing tinggi berwarna putih. Rasanya seperti sedang tersesat di labirin raksasa. Selain hamparan batu kapur putih, di sini juga terdapat danau yang indah berwarna biru. Perpaduan warna biru dan putihnya benar-benar mengagumkan dan terlihat Instagenic. Bukit Jaddih adalah tempat wisata di Madura yang sangat instagramable, berupa ukiran batu kapur yang membentuk beberapa bangunan, serta arsitektur lainnya. Sepintas hasil jepretan kamera akan memberikan nuansa seolah-olah sedang berada di Yunani, atau Timur Tengah, tetapi nyatanya berada di dekat pusat Kota Bangkalan, Madura. Bukit Jaddih adalah bekas tambang kapur, yang kemudian ditata sedemikian rupa sehingga menjadi sebuah wisata alam yang instagramable di Madura.",alam
8,Bukit Kapur Arosbaya,"Satu lagi tempat wisata di Madura yang terbentuk dari lahan tambang kapur yang sudah lama tidak aktif, namanya adalah Bukit Arosbaya. Pahatan – pahatan batu kapur yang ada di Bukit Arosbaya secara tidak langsung membentuk lorong-lorong indah, serta goa, sekaligus jalur trekking di alam terbuka. Tidak sedikit para fotografer yang menjadikan Bukit Arosbaya sebagai objek karyanya. Selain itu, Bukit Arosbaya juga dekat dengan wisata religi di Madura, yaitu Makam Para Raja Bangkalan Air Mata Ibu.",alam
9,"Kolam Renang Goa Pote, Bangkalan","Karena dikelilingi bekas tambang kapur yang berwarna putih, maka warga setempat menyebut kolam renang ini sebagai Kolam Renang Goa Pote alias Gua Putih. Tempatnya memang tak biasa, yaitu di tengah alam bebas, tepatnya di tengah – tengah perbukitan tambang galian C. Masih di kawasan Bukit Jaddih, kehadiran kolam renang ini semakin unik karena menjorok di kedalaman 7 meter di bawah permukaan tanah dan dikelilingi oleh tebing-tebing kapur nan menjulang. Ukuran kolamnya pun cukup luas, sehingga pengunjung bebas leluasa berenang. Bawa anak-anak? Tenang, di sebelah barat tersedia area kolam khusus untuk Si Kecil dengan kedalaman yang pas dan aman.",alam
10,"Bukit Tinggi Daramista, Sumenep","Apa sih sesi yang paling menarik saat liburan? Foto-foto pastinya! Madura punya spot foto yang bagus dan tak boleh dilewatkan yaitu Bukit Tinggi Daramista (bukan Daratista ya!). Siapkan energi untuk berjalan kaki menaiki bukit ini. Tenang, semua rasa lelah dari berjalan kaki akan terbayar saat Anda tiba di atas bukit. Wow, Anda seperti berada di sebuah Negeri Dongeng. Coba saja berfoto di sarang burung buatan ini. Atau ingin foto bersama pasangan di bangunan berbentuk love ini? Hasilnya pasti ciamik! Jika ingin mendapatkan suasana romantis, datanglah menjelang sore hari. Selain bisa menikmati detik-detik matahari terbenam, citylights Kabupaten Sumenep pun menjadi pemandangan yang indah di malam hari.",alam
11,"Puncak Ratu, Pamekasan","Ini adalah tempat wisata paling baru di Madura karena baru beroperasi akhir Desember 2018 lalu. Berwisata di Puncak Ratu akan membawa memori Anda ke tempat wisata Kalibiru di Yogyakarta. Lokasinya yang berada di ketinggian membuat Anda bisa menikmati bentang pemandangan yang indah. Di sini banyak berjejer pohon sengon yang bentuknya mirip pohon pinus. Berpose di antara pohon-pohon ini akan membuat Anda seperti berada di daerah Lembang, Bandung. Atau ingin bersantai di hammock bersama teman-teman? Di sini juga bisa!. Selain disuguhi pemandangan alam yang indah, Anda juga bisa menikmati buah durian di kawasan ini. Puncak Ratu memang dikenal sebagai sentra durian. Saat musimnya tiba Anda juga bisa memetik buahnya langsung lho. Tapi satu hal yang penting adalah untuk tetap menjaga keselamatan Anda. Apalagi jika mengajak anak-anak ke tempat ini, karena beberapa titik di tebingnya belum dipasangi pagar dan langsung berbatasan dengan jurang.",alam
12,"Bukit Lampion Beramah, Bangkalan","Ingin me-refresh feed Instagram dengan foto-foto keren? Segera datang ke BLB atau Bukit Lampion Beramah. Tidak kalah dengan daerah lain, Bukit Lampion Beramah disulap hingga menjadi spot foto kekinian. Anda bisa berpose di pijakan kayu berbentuk love, rumah pohon, atau ayunan berbentuk sarang burung. Di sini juga ada kapal kayu yang dibuat seolah-olah terdampar dengan latar belakang pemandangan alam. Berfoto di sini Anda seperti sedang berlayar di atas awan!. Banyaknya spot foto menarik dengan pemandangan alam yang indah ditambah ornamen lampion warna warni, menjadikan tempat ini cocok untuk jadi lokasi prewedding Anda dan pasangan.",buatan
13,"Selamat Pagi Madura, Pamekasan","Selamat Pagi Madura! Inilah destinasi wisata lengkap yang wajib masuk list liburan Anda bersama orang tercinta di Pulau Sapi. Mau ngadem dari teriknya matahari Madura? Bisa! Di Selamat Pagi Madura terdapat sebuah kolam renang lengkap dengan permainan ala waterpark dan kolam renang dewasa. Mengajak anak-anak ke sini, dijamin akan membuat mereka gembira. Atau ingin mengungkapkan rasa sayang pada pasangan? Cobalah meniti tangga berbentuk hati yang ada di area Bukit Cinta. Sesampainya di puncak, Anda bisa berfoto dengan latar belakang gambar love berwarna pink berukuran besar. Ada juga spot foto kekinian yang akan membuat Anda semakin hits. Mulai dari ilustrasi 3D, nanas raksasa, rumah tua, hingga payung-payung yang terlihat melayang di udara juga bisa Anda temukan di sini. Seru kan?",buatan
14,"Gili Genting, Sumenep","Madura juga punya wisata pantai yang ciamik dan nggak kalah sama Bali lho. Salah satunya ada di Gili Genting. Untuk sampai di sini, Anda perlu menyebrang menggunakan kapal terlebih dulu. Rasa lelah selama perjalanan pun akan terbayar saat menginjakan kaki di Gili Genting. Salah satu destinasi wisatawan yang terkenal di Gili Genting adalah Pantai Sembilan. Pasir pantai yang putih, langit yang biru, serta deburan ombak mampu menghipnotis siapapun yang datang. Disebut Pantai Sembilan, karena salah satu sisinya membentuk angka sembilan jika dilihat dari udara. Di sini Anda akan dibuat puas bermain pasir pantai. Ayo segera buat istana pasir sesuai imajinasi Anda dan anak-anak! Ingin sekadar berfoto ria? Ada spot ayunan dan gazebo yang bisa Anda pilih sebagai tempat berfoto. Pantai Sembilan tidak hanya dapat dinikmati dari pantainya saja, Anda juga bisa snorkeling untuk melihat keindahan bawah lautnya. Untuk yang menyukai pemainan ekstrem, ajak teman-teman bermain banana boat pasti seru. Soal penginapan, tidak perlu khawatir karena sudah ada homestay di pantai ini.",alam
15,"Gili Labak, Sumenep","Amazing! Satu kata itu sepertinya tepat untuk menggambarkan pulau ini. Sebuah destinasi yang tepat untuk Anda melepas penat. Bayangkan kaki Anda melangkah di atas pasir putih yang lembut di sepanjang pantai ini. Sejauh mata memandang, tersaji pemandangan alam yang cantik perpaduan langit yang biru dan air laut yang jernih. Dunia bawah lautnya tak kalah menggoda, cobalah untuk snorkeling dan biarkan ikan berwarna-warni menari-nari di sekeliling Anda. Lupakan Bali atau Lombok sejenak, saatnya Anda merasakan sendiri eksotisme Gili Labak sekarang!",alam
16,"Pantai Teluk Sapoong, Sumenep","Ingin berfoto di jembatan kayu ala selebgram di Pulo Cinta yang hits tapi budget belum cukup? Ke Pantai Teluk Sapoong saja dulu! Memang di sini tidak ada villa di atas air, tapi ada jembatan kayu menjorok ke tengah laut menyerupai love dan beberapa gazebo di sisinya. Mirip kan dengan Pulo Cinta? Inilah yang menjadi lokasi favorit wisatawan untuk berfoto. Latar belakangnya juga cantik, terpampang nyata keindahan alam berupa langit biru dan air laut yang jernih dengan debur ombak yang cukup tenang. Di area pantai tak kalah menarik. Ada gazebo dan rumah pohon yang bisa jadi spot foto Anda. Pasir putihnya juga tak kalah indah dengan pantai lain di timur Indonesia. Di pinggir pantai, terdapat banyak pohon santegi dan cemara udang. Jadi walaupun cuaca panas terik, semilir angin dari pohon-pohon tersebut cukup menyejukan. Pantai Teluk Sapoong hanya satu di antara keindahan alam yang ada di Pulau Kangean. Selain berjalan kaki berkeliling pantai, ada kapal boat yang siap mengantar Anda berkeliling area pantai lho. Tertarik ke Pulau Kangean? Dari Sumenep, dibutuhkan waktu 4 jam untuk menyebrang ke pulau ini.",alam
17,"Kapal Jodoh, Pamekasan","Kalau belum berkesempatan keliling samudra menggunakan kapal pesiar, bolehlah duduk-duduk di atas kapal jodoh ini dulu. Untuk yang masih single, siapa tahu Anda bertemu jodoh di sini. Kapal Jodoh memang bukan sembarang kapal. Bangunan ini sengaja dibuat ditepi pantai dan berfungsi sebagai restoran yang dihias dengan bunga dan lampu-lampu. Ada beberapa area dengan nama unik yang bisa Anda pilih untuk tempat duduk menikmati menu di restoran ini. Sebut saja area kamar janda, kamar duda, kamar istri muda, istana cinta, dan kamar si jomblo. Menarik kan? Waktu paling tepat untuk datang ke sini tentu saja saat sore hari. Letaknya yang berada di tepi laut membuat Anda bisa dengan bebas menikmati detik-detik matahari terbenam. Kerlap kerlip lampu yang berwarna-warni sukses menambah romantisme di Kapal Jodoh ini.",buatan
18,"Air Terjun Toroan, Sampang","Penyuka wisata alam belum lengkap rasanya kalau belum menemukan air terjun. Dan inilah air terjun yang fenomenal di Madura, Air Terjun Toroan. Uniknya, air terjun ini berada di tepi laut. Aliran airnya pun langsung terjun dari atas tebing ke perairan Laut Jawa. Kalau Anda datang ke sini sore hari, dijamin akan tersihir dengan pemandangan di sekelilingnya. Bayangkan saja percikan air dari air terjun, semburat cahaya matahari yang akan terbenam, dan suara deburan ombak berpadu menjadi satu. Perfect! Tapi di air terjun ini tidak disarankan untuk berenang ya. Selain itu, Anda juga tetap harus menjaga keselamatan karena beberapa batu karangnya terasa licin.",alam
19,"Air Terjun Duko, Sumenep",Bisa dibilang air terjun ini masih perawan karena belum banyak pengunjung yang datang ke sini. Ada dua lapis air terjun di sini yang masing-masing bermuara ke sebuah kolam mata air. Jangan hanya memandanginya dengan penuh kekaguman. Saatnya berganti baju dan berendam di sini. Airnya yang jernih dan udara yang sejuk karena banyak pepohonan di sekelilingnya membuat siapapun yang datang merasa relaks. Jangan lupa untuk mengabadikan momen di sini ya.,alam
20,"Taman Tectona, Sumenep","Taman wisata ini sudah ramai dikunjungi wisatawan sejak 2017 lalu. Pantas saja kalau Taman Tectona dijuluki primadona wisata Madura, karena semua yang dicari wisatawan ada di sini. Untuk anak-anak, di sini tersedia mini outbound untuk menguji nyali mereka. Di Taman Tectona, mereka juga bisa belajar tentang tumbuhan dengan mengenal pohon-pohon yang banyak tumbuh di lokasi ini. Lalu selanjutnya anak-anak bisa menikmati kolam renang. Tenang, selain kolam renang untuk anak-anak di sini juga ada kolam renang untuk dewasa kok. Bagi pencari spot foto menarik, di sini juga banyak area yang memang dibuat menarik untuk para pengunjung berfoto. Misalnya di tengah kelopak bunga buatan, jembatan warna warni, atau rumah panggung.",buatan
21,"Kampoeng Wisata Toron Samalem, Pamekasan","Lokasi seluas 7 hektar ini dulu adalah tempat penambangan batu bata. Namun kini, lokasi ini berubah menjadi destinasi wisata yang banyak dikunjungi masyarakat Madura maupun wisatawan dari luar daerah. Di sini, Anda akan merasakan sejuknya hawa perbukitan. Lemparkan pandangan jauh ke selatan, Anda pun akan menemukan laut biru yang indah. Lelah berkeliling, Anda bisa beristirahat terlebih dulu di bangunan mirip gazebo dengan atap yang terbuat dari jerami. Jika dilihat, bangunan-bangunan ini nampak seperti rumah tradisional dari Papua. Sambil beristirahat, jangan lupa untuk berfoto di sini ya. Selain rumah jerami, di sini juga terdapat spot menarik lainnya dengan sedikit sentuhan Jepang. “Bunga sakura” yang berwarna pink terlihat mencolok di antara bangunan dan area sekelilingnya yang didominasi warna coklat.",buatan
22,"Tresna Art, Bangkalan","Jalan-jalan dan berfoto sudah, saatnya berburu oleh-oleh. Di Tresna Art, Anda bisa menemukan beragam barang ataupun makanan khas Madura seperti batik tulis, pecut, ukiran hingga hiasan dinding. Ada pula makanan seperti kacang lorjuk, otok, dan keripik gayam. Tempat ini bukan sekadar toko oleh-oleh biasa. Bangunannya yang berbentuk joglo dan dihias dengan ornamen tradisional memberikan keunikan sendiri sehingga membuat banyak pengunjung tertarik untuk berfoto ria.",buatan
23,"Kota Tua Kalianget, Sumenep","Di tempat ini, turis memang sangat dimanjakan. Baru masuk saja, pengunjung sudah disuguhkan minuman khas Bangkalan dan pisang rebus. Selain berbelanja oleh-oleh, pengunjung juga bisa mencicipi bubur khas madura gratis setiap hari Minggu dan belajar membatik setiap akhir pekan. Saat musim salak datang, di sini juga ada wisata petik salak gratis lho. Terakhir, jangan lewatkan untuk berjalan ke area belakang untuk melihat rumah adat Madura yang cantik. Salah satu bangunan yang menarik adalah bekas gedung pembangkit listrik. Lalu ada pula Menara Jam Lonceng dan sisa reruntuhan benteng Kalimook, kolam renang serta lapangan tenis. Meskipun tampak tua dan tak terurus. Sisa-sisa bangunan ini justru memberikan kesan tersendiri untuk Anda yang berfoto di sini. Yuk wisata sejarah di Kalianget!",buatan
24,"Api Tak Kunjung Padam, Pamekasan","Anda pernah dengar tentang api abadi? Di Madura juga ada. Tempat unik ini dinamakan Api Tak Kunjung Padam. Di sini, Anda akan dibuat takjub dengan api yang bisa dengan mudah muncul dari dalam tanah. Caranya pun cukup sederhana, dengan mengorek sedikit tanah lalu menyulutkan korek api. Api yang muncul memang bukan tipikal api besar yang mudah membara. Meskipun kecil, tapi titik api ini cukup banyak lho. Karena semakin banyak wisatawan yang penasaran dengan api abadi ini, sekarang Anda juga bisa berkemah di area sekitarnya. Ingin mencoba bermain-main dengan api abadi? Boleh, coba saja membuat jagung bakar di sini. Bahkan masyarakat sekitar juga ada yang menggunakan api abadi ini untuk memasak nasi. Unik kan?",alam
25,Telaga Kermata,"Rekomendasi tempat wisata di Madura yang kedua adalah Telaga Kermata. Telaga Kermata terletak di Saronggi Sumenep, dan sangat cocok untuk Anda datangi bersama keluarga. Di sini, Anda akan dimanjakan dengan hawa sejuk dan berbagai fasilitas yang ramah wisatawan. Dahulu, Kermata adalah sumber mata air. Namun pada masa penjajahan Belanda, ia berubah fungsi menjadi menjadi danau buatan yang dimanfaatkan sebagai sistem irigasi untuk sawah di sekitarnya. Anda bisa mencapai Telaga Kermata dari pusat kota Sumenep dengan jarak tempuh 7 kilometer saja.",buatan
26,Pulau Mamburit,"Rekomendasi tempat wisata di Madura yang kelima adalah Pulau Mamburit. Pulau ini memiliki keindahan alam bawah laut yang tidak kalah dengan kondisi laut di wilayah Indonesia bagian Timur. Dengan hamparan pasir putih, air laut yang jernih serta terumbu karangnya, destinasi wisata yang satu ini berhasil menggaet wisatawan untuk mengunjunginya. Tak berbeda dengan deretan pulau di wilayah Sumenep lainnya, di Pulau Mamburit Anda bisa melakukan aktivitas bawah laut seperti snorkeling untuk menikmati keindahan kehidupan terumbu karang. Tempat wisata di Madura yang satu ini patut masuk dalam daftar destinasi yang wajb dikunjungi.",alam
27,Taman Rekreasi Kota Bangkalan,"Rekomendasi tempat wisata di Madura yang keenam adalah Taman Rekreasi Kota Bangkalan. Akrab disebut TRK, Taman Rekreasi Kota Bangkalan adalah salah satu obyek wisata minat khusus tengah kota yang di kelola langsung oleh pemerintah kabupaten Bangkalan. Taman Rekreasi Kota Bangkalan ini penuh dengan berbagai macam wahana bermain anak-anak, kolam renang dan danau buatan yang di desain khusus bagi para pengunjung yang hobi memancing atau sekedar ingin bermain perahu mengelilingi danau.",buatan
28,Alun-Alun Bangkalan,,buatan
29,"Pemandian Sumber Pocong, Bangkalan","Terletak di desa Pocong, Bangkalan, Madura, Pemandian Sumber Pocong adalah salah satu destinasi wisata Madura terbaik yang patut kamu kunjungi. Berbeda dari namanya yang terdengar menyeramkan, Pemandian Sumber Pocong menawarkan suaka berlibur asri. Meski letaknya cukup tersembunyi dan butuh usaha lebih untuk mencapainya, segala rasa lelahmu akan terbayar begitu sampai di destinasi wisata di Madura satu ini. Pemandian Sumber Pocong adalah sebuah kolam air tawar yang sangat jernih. Kawasan di sekitar pemandian ini masih alami dan dikelilingi pepohonan rimbun. Mengunjungi destinasi wisata ini, kamu bisa bersantai menikmati rindangnya pepohonan atau berenang sepuas yang kamu inginkan.",alami
30,Pesisir Kwanyar,,
31,"Bukit Lampion Beramah, Galis, Bangkalan",,
32,Pantai Slopeng,"Tempat wisata di Madura yang pertama adalah Pantai Slopeng yang terletak di Sumenep. Pantai ini menjadi ikon wisata Madura yang sudah sangat populer untuk masyarakat lokalnya. Pasir Pantainya yang putih bersih serta halus menjadikan pantai ini primadona untuk dikunjungi saat musim liburan tiba. Pantai Slopeng ini letaknya hanya 21 km dari pusat Kota Sumenep. Pantai ini memiliki ombak yang tenang, sehingga sangat seru dan mengasyikan untuk dijadikan teman bermain anak-anak serta berenang seharian. Bibir pantai Slopeng terhampar sepanjang 6 km dengan air lautnya yang bening biru serta rindangnya pohon di pinggir pantainya.Untuk dapat menikmati liburan disini, kita hanya membayar tiket masuk sebesar Rp 5000 saja.",alam
33,Pantai Talang Siring,"Obyek wisata pantai Nepa merupakan wisata tersembunyi. Letaknya di daerah terpencil sehingga harus menempuh perjalanan yang cukup jauh untuk dapat menikmati keindahan wisata pantai Nepa di Madura ini. Tak hanya pasir pantai yang putih, keeksotisannya dapat dilihat dari nuansa biru laut yang cukup kontras, rindangnya pepohonan di sekitar pantai menambah keasrian wisatanya. Destinasi wisata pantai Nepa juga memiliki cerita mitos, konon di kawasan hutan ini terdapat dua kerajaan kera yang berbeda yaitu Kubu Utara dan Kubu Selatan. Meskipun demikian, kedua raja kera ini saling menghormati wilayah kekuasaan masing. Sehingga kedua kerajaan tersebut selalu hidup damai dan tentram. Bagaimana cukup unik bukan?",alam
34,Pantai Siring Kemuning,"Tempat wisata di Madura yang kedua juga masih berupa wisata pantai, namanya adalah pantai Siring Kemuning yang ada di Bangkalan. Pantai Siring Kemuning juga menjadi salah satu wisata Madura yang terkenal dan sayang untuk dilewatkan, lokasi tepatnya ada di kecamatan Tanjung Bumi.",
35,Pantai Lombang,"Pantai Lombang kepopulerannya telah ada sejak tahun 2000 an. Kepopulerannya tersebut membuat wisatawan mancanegara sering berkunjung ke sini. Bahkan pantai ini menjadi wisata favorit bagi para turis. Keindahan pantai Lombang yaitu pasir putih yang menghampar luas sejauh 12 kilometer. Maka, tak heran kalau di pantai Lombang juga terdapat spot foto yang sangat unik dan kekinian. Pantai ini juga dikelilingi pohon cemara udang yang tingginya mencapai 4 meter. Dengan adanya pohon cemara tersebut menjadikan tempat wisata pantai Lombang semakin sejuk dan membuat betah setiap pengunjung yang datang.",
36,Pantai Sambilangan,"Satu lagi tempat wisata di Madura berupa pantai yang layak untuk dikunjungi yaitu Pantai Sambilangan yang terletak di Desa Sambingan, Bangkalan, Madura. Memang, pantai ini termasuk sepi pengunjung, namun pemandangan alamnya masih asri dan alami. Untuk menuju pantai ini, kita beranjak sekitar 7 km di sebelah selatan dari kota Bangkalan, di desa Sambilangan , kecamatan Bangkalan, Madura, Jawa Timur. Pantai ini masih terpencil, namun pada saat anda tiba di pantai ini anda tetap akan dikenakan tiket masuk kendaraan. Untuk kendaraan mobil akan dikenakan tarif sebesar Rp 3.000*) sedangkan motor sebesar Rp 2.000*).",
37,Museum Keraton,,
38,Pantai Rongkang,"Destinasi wisata pantai Rongkang merupakan salah satu obyek wisata yang lagi hits setahun belakangan. Pastinya tak kalah menarik dengan pantai-pantai lainnya di pulau Jawa. Tak hanya libur nasional, pantai Rongkang juga dipadati penunjung setiap hari (weekday). Wisatawan berbondong-bondong untuk menikmati keindahan pandai yang masih alami dan udara yang sejuk,",
39,Pantai Nepa,,
40,Hutan Bawah Laut Kangean,,
41,Mercusuar Sembilangan,"Mercusuar Bangkalan merupakan destinasi wisata Madura bersejarah. Bangunan ini merupakan peninggalan Belanda yang didirikan pada tahun 1879.Meskipun bangunan tua, sampai hari ini Mercusuar Bangkalan masih berfungsi dengan baik. Keindahannya akan terlihat pada malam hari dengan sorot lampu dengan jarak tembak mencapai 20 mil. Dari atas bangunan ini kamu akan dapat menyaksikan keindahan Selat Madura. Tak hanya itu, momen yang dinanti-nanti adalah melihat sunset dan sunrise.",
42,Air Terjun Kokop,,
43,Gua Blaban,"Menjelajah goa Blaban menjadi tempat wisata paling dominan bagi wisatawan yang berkunjung ke Pulau Madura. Goa Blaban merupakan Goa yang cukup unik, baru ditemukan pada tahun 2014 lalu. Goa ini juga dikenal sebagai goa mas atau goa bintang. Saat berkunjung ke goa Blaban, kamu akan menemukan pintu masuk berupa sumur yang dalamnya mencapai 4 meter. Kemudian terdapat tangga besi melingkar untuk menuruni sumur saat akan menjelajahi goa Blaban ini. Setiap pengunjung yang ingin menjelajah goa diberikan waktu kurang lebih 15 menit untuk menjelajah agar bisa bergantian dengan pengunjung lainnya. Pemandangan yang ada di dalam goa didominasi oleh stalaktit dan stalakmit yang akan membawa kamu ke dalam suasana yang berbeda.",
44,Pantai Juming,,
45,Monumen Sampang,,
46,Monumen Arek Lancor,,
47,Tirta Sumekar Indah,,
48,Pantai Camplong,,
49,Pantai Batu Kerbuy,,
50,Pantai Ponjuk Timur Talango,,
51,Bukit Geger Bangkalan,"Ingin menikmati keindagan alam pulau Madura dari ketinggian? Bukit Geger merupakan destinasi tempat wisata di Madura yang tepat untukmu. Menjadi salah satu titik tertinggi di pulau garam, Madura, Bukit Geger merupakan salah satu objek wisata di Madura favorit. Dikelilingi oleh rimbunnya pepohonan mahoni, kamu bisa menikmati asrinya alam dan juga berbagai satwa-satwa liar yang hidup di dalam kawasan ini.",alami
52,Makam Aer Mata,,
53,Pulau Giliyang,,
54,Gua Mahakarya,,
55,Pantai Ropet,,
56,Vihara Avalokitesvara,,
57,Pantai Jodoh,,
58,Taman Adipura,,
59,Batik Madura Ole Olang,,
60,Taman Bukit Anjhir,,
61,Wisata Alam Kesek,,
62,Tambatan Perahu Batuan,,
63,AGRO EDU WISATA KEBUN BANG JANI,"Agro wisata ini terletak kampung Du'ur, Desa Langkap, Kecamatan Burneh, Kabupaten Bangkalan. Agro edu wisata kebun bang jani ini merupakan objek wisata pertama dipulau madura yang berbasis pertanian dan tanaman. Agro wisata Kebun bang jani ini menyajikan 3 konsep yakni pariwista, Pendidikan, pertanian. Selain itu agro wisata kebun bang jani ini siap memperkenalkan cara pembibitan, perawatan, panen dan cara membasmi hama, namun semua itu tergantung dari para wisatawan ingin belajar tentang cara pembibitan, perawatan dsb. Untuk pengunjung yang ingin memetik buah atau sayuran yang ditanam dilokasi tersebut diperkenankan, namun setelah memetik buah atau sayuran membayar dengan harga yang sudah ditentukan oleh pengelola.",buatan
64,Kebun Raya Mangrove Madura,"Warga mengunjungi lokasi wisata edukasi hutan mangrove yang masih dalam tahap penyelesaian di Pantai Lembung, Pamekasan, Jawa Timur. Kawasan tersebut nantinya direncanakan menjadi destinasi wisata edukasi hutan mangrove terlengkap dan terbesar di Madura.",buatan
65,Hutan Kera Nepa,"Wisata Hutan Kera Nepa di Sampang adalah salah satu tempat wisata yang berada di Desa Nepa, Kecamatan Banyuates, Kabupaten Sampang, Jawa Timur, Indonesia. Wisata Hutan Kera Nepa di Sampang adalah tempat wisata yang ramai dengan wisatawan pada hari biasa maupun hari liburan. Tempat ini sangat indah dan bisa memberikan sensasi yang berbeda dengan aktivitas kita sehari hari. Wisata Hutan Kera Nepa di Sampang memiliki pesona keindahan yang sangat menarik untuk dikunjungi. Sangat di sayangkan jika anda berada di kota Saampang tidak mengunjungi wisata Hutan Kera Nepa di Sampang yang mempunyai keindahan yang tiada duanya tersebut. Wisata Hutan Kera Nepa di Sampang sangat cocok untuk mengisi kegiatan liburan anda, apalagi saat liburan panjang seperti libur nasional, ataupun hari ibur lainnya. Keindahan wisata Hutan Kera Nepa di Sampang ini sangatlah baik bagi anda semua yang berada di dekat atau di kejauhan untuk merapat mengunjungi tempat wisata Hutan Kera Nepa di kota Sampang.",buatan
66,Wisata Waduk Nipah,,
67,Wisata kincir angin,,
68,Bukit Lombang,,
69,Pantai Masjid Laok,,
70,Tambak Semar,,
71,Pantai The Legend,,
72,Wisata Alam Bukit Sekaran,,
73,Puncak Tinggi Waru,,
74,Lembah Durbugen,,
75,Air Terjun Ahatan,,
76,PANTAI TAMBERU AGUNG,,
77,Pemandian Beto Tete,,
78,Pantai Kelleman,,
79,Bukit seribu kenangan,,
80,Taman Tectona,,
81,Taman Wisata Alam Pagarbatu (Boekit TAWAP),"Bukit Tawap merupakan salah satu wujud pencapaian Pemerintah Desa (Pemdes) Pagarbatu, Kecamatan Saronggi dalam menciptakan destinasi wisata Emmas (Elok Maju Mandiri Aman dan Sejahtera). “Bukit Tawap merupakan taman wisata alam yang ada di perbukitan Leng-leng tepatnya di Dusun Bungandun Desa Pagarbatu. Di tempat wisata ini pengunjung disajikan dengan sumber belerang yang berkhasiat menyembuhkan berbagai penyakit, ada kolam renang dan taman wisata lainnya,” kata Kepala Desa (Kades) Pagarbatu, Imam Daud, SE, Selasa (10/05/2022). Ia menjelaskan, jika wisata Bukit Taman Wisata Alam Pagarbatu (Tawap) merupakan tabungan warga Desa Pagarbatu, karena pembangunannya hasil gotong royong atau swadaya masyarakat setempat.",buatan
82,Pantai Beringin,,
83,Pantai Toroto,,
84,Pantai Sahari,,
85,Pantai Aengkembang,,
86,Pantai Sembilan,,
87,Pantai bherekai,,
88,Bukit Wisata Kalompek,,
89,Pesisir Pantai Romben Barat,"Wisata pantai pasir putih menjadi salah jujugan warga di kepulauan Sumenep menghabiskan liburan lebaran. Wisata alam dengan hamparan pasir putih itu terletak di ujung barat Pulau Kangean. Hamparan pasir putih dan air laut yang bening menjadi daya tarik tersendiri bagi para pengunjung yang menghabiskan hari libur lebaran Yanti, salah satu pengunjung mengaku setiap libur lebaran, pantai pasir putih selalu ramai dikunjungi warga. Mereka biasanya datang dengan berkelompok atau rombongan hanya sekedar makan-makan sambil menikmati suasana pantai yang sejuk dan asri karena pemandangannya yang masih alami. ",
90,Pantai Badur Batu Putih,"Dari keindahan pesisir di wilayah Kabupaten Sumenep, pesisir Badur merupakan salah satu pantai atau pesisir yang menawarkan keindahan alam pantai. Pantai Badur, tidak jauh jaraknya antara Pantai Salopeng, di Kecamatan Salopeng yang terkenal dengan keindahan gunung pasirnya dengan Pantai Lombang, di Kecamatan Batangbatang yang juga dikenal dengan hutan pohon cemara udang dan pantainya yang landai.  Nama Badur tersebut di ambil dari nama desa yang ada di lokasi pantai tersebut, yaitu Desa Badur, kecamatan Batuputih, Kabupaten Sumenep, Madura, Jawa Timur. Jarak antara pusat kota Sumenep dan Pantai Badur ini tidak terlalu jauh, meski juga tidak bisa dibilang dekat, kurang lebih sekitar 18 kilometer, jadi untuk sampai mungkin memakan waktu kurang lebih sekitar 30 hingga 35 menit dengan mobil. Pantai Badur adalah pantai yang indah, meski tidak seluas Pantai Slopeng dan Pantai Lombang, namun pantai ini memiliki ketertarikan tersendiri di mata masyarakat, apalagi pasirnya yang berwarna putih itu terlihat sangat cantik dibawah sinar matahari, pantai ini masih sangat bersih, mungkin karena masyarakat sekitar masih sangat menghargai betapa pentingnya kebersihan lingkungan. Di Pantai Badur Anda bisa menikmati keindahan pantai-pantai andalan Sumenep yaitu Lombang dan Slopeng, di sisi Timur Pantai Badur Anda bisa menikmati pesona Pantai Slopeng yang persis dengan Slopeng lengkap dengan gunungan pasirnya dan di daerah tengah Pantai Badur kita bisa menemukan pesona eksotika pantai Lombang yang hampir sama persis dengan Lombang lengkap dengan hamparan pasir yang luas dan cemara-cemara yang menghiasi dipinggirnya.",
91,Pantai Kundang Wetan,"Destinasi wisata pantai baru Kabupaten Sumenep ini bernama Pantai Kundang Wetan. Pantai Kundang Wetan berada di pesisir pantai Desa Tanjung, Kecamatan Saronggi, Kabupaten Sumenep. Di sana, wisatawan bisa menikmati deburan ombak laut dengan berbagai pohon mangrove. Pantai Kundang Wetan ini sangat cocok dijadikan tempat untuk melepas rasa jenuh atau sekadar berfoto untuk melengkapi galeri Instagram. Sebelum disulap menjadi Pantai Kundang Wetan, lokasi ini dahulunta merupakan tanah pesisir biasa. Namun, tahun 2019 ini, pemerintah setempat akan melakukan renovasi dan menjadikan tempat ini sebagai destinasi wisata baru.",
92,PANTAI MATAHARI LOBUK,"Wisata alam spot mancing yang diberi nama pantai matahari tersebut di buat oleh pemdes karena banyaknya masyarakat yang sebelumnya sering memancing ikan di sekitar pantai tersebut, hal itulah yang kemudian menginisiasi Pemdes Lobuk untuk memberikan fasilitas berupa jembatan dan gazebo serta lampu penerangan bagi para mancing mania yang suka memancing ikan di malam hari. Informasi yang diperoleh oleh pegiat KIM Darma Bhakti dari Moh. Saleh, M.Pd, kepala Desa setempat mengatakan jika desa yang ia pimpin akan terus melakukan inovasi dan kreasi untuk kemajuan desa Lobuk serta kesejahteraan warganya.",buatan
93,Wisata Mangrove Kedatim,"Wisata mangrove Kedatim diawali dari aksi cinta lingkungan yang digagas kawula muda desa. Kegiatannya menanam mangrove di pesisir pantai yang mengitari desa. Ketika hutan mangrove mulai rimbun, terbetik (tersiar) ide mengembangkan wisata alam dan edukasi.",buatan
94,Pantai e Kasoghi,"Pada pertengahan tahun 2020 telah launching wisata eksotis Pantai Ekashogi yang berada di desa Tanjung, Kecamatan Saronggi, Kabupaten Sumenep. Wisata yang lanunching pada akhir Juni 2020 ini, memang masih belum 50% pengerjaan. Namun yang perlu sobat tahu, pantai ini sudah mampu menarik banyak wisatawan untuk berkunjung karena keindahan pantainya yang dibalut dengan hijaunya pohon mangrove yang berada disekitar pantai.",buatan
95,Pantai Toragan,Tidak ada,
96,Bukit batu Gunung Angin (Bukit Pengantin),Tidak ada,
97,Pantai Batu Sulung,"Batu Sulung adalah Sebuah objek wisata yang berupa pantai yang terletak di Desa Karduluk Kecamatan Pragaan Kabupaten Sumenep. Setelah kami survey ke Dinas Pariwisata dan Kebudayaan Kabupaten Sumenep ternyata pantai ini belum terdaftar sebagai obyek wisata, kami juga heran mengapa pantai sebagus ini tidak terdaftar sebagai objek wisata maupun terjamah oleh campur tangan pemerintah untuk pelestarian dan pengembangannya. Keunikan pantai Batu Sulung dari semua pantai di Sumenep yaitu bebatuannya, bebatuannya yg tersebar dibibir pantai dan anehnya lagi bebatuan bebatuan tersebut seolah-olah seperti baru dipindahkan atau baru terseret ombak dari laut menuju ke daratan dilihat dari posisi-posisi bebatuan yang seperti baru terhempas dari laut ke daratan.",alam
98,Sumber Air Belerang Kaduara,"Sumber air belerang yang berada di daerah Kaduara Timur, Kabupaten Pamekasan, memang sejak dahulu sudah ada. Tapi, masyarakat sekitar tidak pernah mencoba untuk memanfaatkannya untuk menjadi tempat wisata. Tempatnya kotor dan menyeramkan layaknya hutan, banyak pepohonan dan rumput-rumput yang mulai tinggi. Karena itulah tidak ada orang yang pernah mencoba untuk singgah meski lokasinya berada di pinggir jalan raya. Tapi pemandangan yang kurang mampu menyedot wisatawan itu, sekarang berubah sejak adanya gotong royong untuk membersihkannya. Itu bermula dari hadirnya para mahasiswa KKN 13 dari Universitas Trunojoyo Madura (UTM). Para mahasiswa ini mulai menyulap seindah mungkin tanpa mengubah secara bentuk. Dalam artian, mereka hanya membersihkan dan membuang tumbuhan atau benda-benda alam yang kurang bermanfaat di lokasi. Letak geografis yang mendukung, ditambah papan nama yang terbuat dari kayu menjadi informasi yang berguna bagi para wisatawan. Terkadang banyak orang yang awalnya tidak ada niat untuk mampir, tapi karena ada hal baru yang tidak seperti biasanya di pinggir jalan membuat mereka berhenti dan tertarik untuk turun ke bawah (sumber air belerang).",buatan
99,Kebun Melon Artodung,"Terkenal memiliki tanah tandus dan enggak subur, ternyata di Madura tepatnya di Kabupaten Pamekasan, Jawa Timur ada wisata petik buah segar yang enggak kalah dengan kota berudara sejuk seperti Malang. Tempatnya bernama Melon Artodung Farm. Letaknya sekitar 15 menit dari pusat Kota Pamekasan yang berada di Dusun Birnyi, Desa Artodung, Kecamatan Galis, Pamekasan. Melon Artodung Farm dikelola secara keseluruhan oleh warga sekitar. Di sini kamu bisa langsung merasakan sensasi l memetik dan membeli macam-macam buah melon. Beberapa varian melon yang bisa kamu petik di sini yaitu Golden Basket, Golden Melon dan Sweet Melon. Selain itu disini juga ada semangka jenis Golden dan Ijoku. Kalau kamu berkunjung ke sini, bisa langsung memetik dan membeli macam buah hasil dari kebun. Harga buahnya juga masih terjangkau. Semua varian melon bisa kamu bawa pulang dengan harga Rp15 ribu. Sedangkan semangka Rp5 ribu hingga Rp6 ribu per buah. Para pengunjung dan pemberi ternyata enggak cuma dari daerah sekitar Pamekasan, ternyata banyak yang dari luar kota dan memborong buah di Melon Artodung Farm. Karena buah yang dipetik segar dan langsung diambil dari pohon, sudah pasti buah di sini rasanya sangat manis dan segar. Tertarik untuk mencoba kesegaran buah di sini?",
100,Pantai Gulbung Pangarengan,Tidak ada,